"constituency","party","fp_share","fp_low","fp_high","tpp_labor","tpp_coalition","winner","winner_tpp","swing_amount"
"Adelaide","labor",38.1,33.8,42.6,58.1,41.9,"labor","labor",-3.8
"Adelaide","coalition",31.3,28.3,34.4,58.1,41.9,"labor","labor",-3.8
"Adelaide","greens",18.3,15.8,20.7,58.1,41.9,"labor","labor",-3.8
"Adelaide","onenation",5.8,4.4,7.4,58.1,41.9,"labor","labor",-3.8
"Adelaide","independent",4.1,2.8,5.9,58.1,41.9,"labor","labor",-3.8
"Adelaide","other",2.4,1.6,3.4,58.1,41.9,"labor","labor",-3.8
"Aston","coalition",40.7,36.6,44.8,47.3,52.7,"coalition","coalition",-0.2
"Aston","labor",28.2,23.7,32.4,47.3,52.7,"coalition","coalition",-0.2
"Aston","greens",13.8,11.8,16,47.3,52.7,"coalition","coalition",-0.2
"Aston","independent",6.5,4.4,9.2,47.3,52.7,"coalition","coalition",-0.2
"Aston","onenation",6.2,4.6,8.1,47.3,52.7,"coalition","coalition",-0.2
"Aston","other",4.6,3.1,6.6,47.3,52.7,"coalition","coalition",-0.2
"Ballarat","labor",38.4,33.5,43,58.3,41.7,"labor","labor",-4.7
"Ballarat","coalition",28.2,24.9,31.4,58.3,41.7,"labor","labor",-4.7
"Ballarat","greens",14.6,12.5,16.8,58.3,41.7,"labor","labor",-4.7
"Ballarat","onenation",9.9,7.6,12.5,58.3,41.7,"labor","labor",-4.7
"Ballarat","independent",6.4,4.3,9.1,58.3,41.7,"labor","labor",-4.7
"Ballarat","other",2.6,1.6,3.8,58.3,41.7,"labor","labor",-4.7
"Banks","coalition",42.2,38,46.8,47.5,52.5,"coalition","coalition",-0.7
"Banks","labor",32.2,27.5,37.5,47.5,52.5,"coalition","coalition",-0.7
"Banks","greens",10.7,8.9,12.7,47.5,52.5,"coalition","coalition",-0.7
"Banks","onenation",6.2,4.4,8.5,47.5,52.5,"coalition","coalition",-0.7
"Banks","independent",4.8,2.8,7,47.5,52.5,"coalition","coalition",-0.7
"Banks","other",3.9,2.5,5.7,47.5,52.5,"coalition","coalition",-0.7
"Barker","coalition",47.3,42.1,52.4,38.3,61.7,"coalition","coalition",-4.9
"Barker","labor",22.6,18.7,26.9,38.3,61.7,"coalition","coalition",-4.9
"Barker","onenation",13.5,10.4,17.2,38.3,61.7,"coalition","coalition",-4.9
"Barker","independent",8.4,5.6,11.4,38.3,61.7,"coalition","coalition",-4.9
"Barker","greens",7.2,5.9,8.7,38.3,61.7,"coalition","coalition",-4.9
"Barker","other",1.1,0.6,1.8,38.3,61.7,"coalition","coalition",-4.9
"Barton","labor",38.9,33.8,44.3,56.3,43.7,"labor","labor",-9.3
"Barton","coalition",32.3,28.8,36,56.3,43.7,"labor","labor",-9.3
"Barton","greens",13.5,11.4,15.9,56.3,43.7,"labor","labor",-9.3
"Barton","onenation",8.1,5.9,10.8,56.3,43.7,"labor","labor",-9.3
"Barton","independent",3.9,2.3,5.9,56.3,43.7,"labor","labor",-9.3
"Barton","other",3.2,2.1,4.9,56.3,43.7,"labor","labor",-9.3
"Bass","coalition",36.2,32.3,40.4,48.4,51.6,"coalition","coalition",0.2
"Bass","labor",26.6,22.8,31.1,48.4,51.6,"coalition","coalition",0.2
"Bass","greens",13.3,11.1,15.8,48.4,51.6,"coalition","coalition",0.2
"Bass","independent",11,7.5,15.4,48.4,51.6,"coalition","coalition",0.2
"Bass","onenation",9.9,7.4,12.9,48.4,51.6,"coalition","coalition",0.2
"Bass","other",3.1,2,4.5,48.4,51.6,"coalition","coalition",0.2
"Bean","labor",38.1,32.7,44.5,59.5,40.5,"labor","labor",-3.4
"Bean","coalition",29.1,25.7,32.8,59.5,40.5,"labor","labor",-3.4
"Bean","greens",15.7,12.9,18.5,59.5,40.5,"labor","labor",-3.4
"Bean","independent",11.9,8.5,16,59.5,40.5,"labor","labor",-3.4
"Bean","onenation",4,2.8,5.2,59.5,40.5,"labor","labor",-3.4
"Bean","other",1.3,0.7,1.9,59.5,40.5,"labor","labor",-3.4
"Bendigo","labor",36.5,31.9,41.3,57.1,42.9,"labor","labor",-5
"Bendigo","coalition",28.5,25.5,31.8,57.1,42.9,"labor","labor",-5
"Bendigo","greens",13.5,11.4,15.6,57.1,42.9,"labor","labor",-5
"Bendigo","onenation",10.1,7.9,12.6,57.1,42.9,"labor","labor",-5
"Bendigo","independent",9.5,6.7,12.9,57.1,42.9,"labor","labor",-5
"Bendigo","other",2,1.2,2.8,57.1,42.9,"labor","labor",-5
"Bennelong","coalition",40.7,36.3,45.3,48.6,51.4,"coalition","coalition",2.4
"Bennelong","labor",31,26.1,36.5,48.6,51.4,"coalition","coalition",2.4
"Bennelong","greens",12.8,10.5,15.2,48.6,51.4,"coalition","coalition",2.4
"Bennelong","other",5.8,3.8,8.4,48.6,51.4,"coalition","coalition",2.4
"Bennelong","independent",5.2,3.1,7.9,48.6,51.4,"coalition","coalition",2.4
"Bennelong","onenation",4.4,3,6,48.6,51.4,"coalition","coalition",2.4
"Berowra","coalition",44.1,39.6,48.5,44.2,55.8,"coalition","coalition",-3.9
"Berowra","labor",23.8,20.5,27.7,44.2,55.8,"coalition","coalition",-3.9
"Berowra","greens",14.8,12.6,17.1,44.2,55.8,"coalition","coalition",-3.9
"Berowra","independent",8.4,5.9,11.1,44.2,55.8,"coalition","coalition",-3.9
"Berowra","onenation",4.8,3.4,6.4,44.2,55.8,"coalition","coalition",-3.9
"Berowra","other",4,2.5,5.8,44.2,55.8,"coalition","coalition",-3.9
"Blair","coalition",32.4,28.7,36.3,51.6,48.4,"coalition","labor",-3.6
"Blair","labor",31.6,27.3,36.2,51.6,48.4,"coalition","labor",-3.6
"Blair","onenation",14.2,10.9,17.7,51.6,48.4,"coalition","labor",-3.6
"Blair","greens",13.5,11.3,15.9,51.6,48.4,"coalition","labor",-3.6
"Blair","independent",4.2,2.5,6.3,51.6,48.4,"coalition","labor",-3.6
"Blair","other",4,2.5,5.8,51.6,48.4,"coalition","labor",-3.6
"Blaxland","labor",39.1,33.4,45.5,56.5,43.5,"labor","labor",-8.5
"Blaxland","coalition",30.5,26.4,34.5,56.5,43.5,"labor","labor",-8.5
"Blaxland","greens",12,9.2,14.7,56.5,43.5,"labor","labor",-8.5
"Blaxland","onenation",10.1,7.3,13,56.5,43.5,"labor","labor",-8.5
"Blaxland","other",4.5,2.7,6.8,56.5,43.5,"labor","labor",-8.5
"Blaxland","independent",3.8,2.1,6.2,56.5,43.5,"labor","labor",-8.5
"Bonner","coalition",41.7,37.5,46.1,46.4,53.6,"coalition","coalition",0.1
"Bonner","labor",27.3,23,31.4,46.4,53.6,"coalition","coalition",0.1
"Bonner","greens",15.6,13.4,18,46.4,53.6,"coalition","coalition",0.1
"Bonner","onenation",8.6,6.6,11.3,46.4,53.6,"coalition","coalition",0.1
"Bonner","independent",5.2,3.2,7.6,46.4,53.6,"coalition","coalition",0.1
"Bonner","other",1.6,0.9,2.2,46.4,53.6,"coalition","coalition",0.1
"Boothby","coalition",36.1,32.4,40,52.7,47.3,"coalition","labor",-0.6
"Boothby","labor",31.9,27.7,36.3,52.7,47.3,"coalition","labor",-0.6
"Boothby","greens",15.8,13.3,18.4,52.7,47.3,"coalition","labor",-0.6
"Boothby","independent",10,7.3,12.9,52.7,47.3,"coalition","labor",-0.6
"Boothby","onenation",4.5,3.2,5.9,52.7,47.3,"coalition","labor",-0.6
"Boothby","other",1.7,0.9,2.5,52.7,47.3,"coalition","labor",-0.6
"Bowman","coalition",42.1,37.8,46.4,44.2,55.8,"coalition","coalition",0.3
"Bowman","labor",26,22,30.2,44.2,55.8,"coalition","coalition",0.3
"Bowman","greens",12.4,10.4,14.6,44.2,55.8,"coalition","coalition",0.3
"Bowman","onenation",11,8.5,13.8,44.2,55.8,"coalition","coalition",0.3
"Bowman","independent",4.9,3.3,7.1,44.2,55.8,"coalition","coalition",0.3
"Bowman","other",3.5,2.3,5,44.2,55.8,"coalition","coalition",0.3
"Braddon","coalition",40.7,36.2,45.4,44.3,55.7,"coalition","coalition",-2.3
"Braddon","labor",25.3,21.2,30,44.3,55.7,"coalition","coalition",-2.3
"Braddon","independent",10.5,7.3,14.5,44.3,55.7,"coalition","coalition",-2.3
"Braddon","onenation",9.7,7,13,44.3,55.7,"coalition","coalition",-2.3
"Braddon","greens",9.3,7.5,11.3,44.3,55.7,"coalition","coalition",-2.3
"Braddon","other",4.5,2.8,6.6,44.3,55.7,"coalition","coalition",-2.3
"Bradfield","coalition",39.4,37.1,41.5,NA,50.1,"coalition","coalition",-4.1
"Bradfield","independent",27.7,24.3,31.4,NA,50.1,"coalition","coalition",-4.1
"Bradfield","labor",20.4,18,22.8,NA,50.1,"coalition","coalition",-4.1
"Bradfield","greens",8.8,7.5,10,NA,50.1,"coalition","coalition",-4.1
"Bradfield","onenation",3.1,2.1,4.2,NA,50.1,"coalition","coalition",-4.1
"Bradfield","other",0.7,0.3,1.2,NA,50.1,"coalition","coalition",-4.1
"Brand","labor",43.8,38.6,49.6,61.4,38.6,"labor","labor",-5.3
"Brand","coalition",25.7,22.1,29.3,61.4,38.6,"labor","labor",-5.3
"Brand","greens",12.2,10.2,14.6,61.4,38.6,"labor","labor",-5.3
"Brand","onenation",9.5,7.1,12,61.4,38.6,"labor","labor",-5.3
"Brand","other",4.9,3,6.8,61.4,38.6,"labor","labor",-5.3
"Brand","independent",4,2.2,5.9,61.4,38.6,"labor","labor",-5.3
"Brisbane","coalition",35.4,32.3,38.8,55.1,44.9,"coalition","labor",55.1
"Brisbane","labor",31.3,28,34.7,55.1,44.9,"coalition","labor",55.1
"Brisbane","greens",25,22.4,27.8,55.1,44.9,"coalition","labor",55.1
"Brisbane","onenation",3.1,2.2,4.2,55.1,44.9,"coalition","labor",55.1
"Brisbane","independent",2.9,1.8,4.1,55.1,44.9,"coalition","labor",55.1
"Brisbane","other",2.3,1.4,3.3,55.1,44.9,"coalition","labor",55.1
"Bruce","coalition",34.5,31.1,38,52.4,47.6,"coalition","labor",-4.1
"Bruce","labor",34.1,30,38.3,52.4,47.6,"coalition","labor",-4.1
"Bruce","greens",12.8,11,14.8,52.4,47.6,"coalition","labor",-4.1
"Bruce","onenation",9,6.8,11.2,52.4,47.6,"coalition","labor",-4.1
"Bruce","other",5.4,3.7,7.2,52.4,47.6,"coalition","labor",-4.1
"Bruce","independent",4.3,2.7,6,52.4,47.6,"coalition","labor",-4.1
"Bullwinkel","coalition",34.8,31.4,38.6,52,48,"coalition","labor",52
"Bullwinkel","labor",33.7,29.2,38.6,52,48,"coalition","labor",52
"Bullwinkel","greens",11.9,10,14.1,52,48,"coalition","labor",52
"Bullwinkel","onenation",9.1,7,11.5,52,48,"coalition","labor",52
"Bullwinkel","independent",6.8,4.5,9.4,52,48,"coalition","labor",52
"Bullwinkel","other",3.6,2.4,4.9,52,48,"coalition","labor",52
"Burt","labor",39.5,34.8,44.5,57.9,42.1,"labor","labor",-7.3
"Burt","coalition",28,24.6,31.5,57.9,42.1,"labor","labor",-7.3
"Burt","greens",12.1,10.1,14.1,57.9,42.1,"labor","labor",-7.3
"Burt","onenation",11,8.4,14,57.9,42.1,"labor","labor",-7.3
"Burt","other",4.8,3.3,6.7,57.9,42.1,"labor","labor",-7.3
"Burt","independent",4.6,2.8,6.5,57.9,42.1,"labor","labor",-7.3
"Calare","coalition",42.2,39.2,44.7,NA,56.2,"coalition","coalition",-3.4
"Calare","independent",21,17.1,25.3,NA,56.2,"coalition","coalition",-3.4
"Calare","labor",16,13.8,18.3,NA,56.2,"coalition","coalition",-3.4
"Calare","onenation",13.3,10.6,16.4,NA,56.2,"coalition","coalition",-3.4
"Calare","greens",6.7,5.8,7.8,NA,56.2,"coalition","coalition",-3.4
"Calare","other",0.8,0.4,1.4,NA,56.2,"coalition","coalition",-3.4
"Calwell","labor",34.6,29.2,40.4,55.4,44.6,"labor","labor",-6.9
"Calwell","coalition",28.6,24.8,32.7,55.4,44.6,"labor","labor",-6.9
"Calwell","greens",14.5,11.5,17.7,55.4,44.6,"labor","labor",-6.9
"Calwell","onenation",12.6,9.4,16.2,55.4,44.6,"labor","labor",-6.9
"Calwell","other",6,3.7,8.4,55.4,44.6,"labor","labor",-6.9
"Calwell","independent",3.7,2.1,5.7,55.4,44.6,"labor","labor",-6.9
"Canberra","labor",39.9,34.7,45.6,59.8,NA,"labor","labor",-2.4
"Canberra","greens",25.1,21.4,29.1,59.8,NA,"labor","labor",-2.4
"Canberra","coalition",21.3,18.6,24.3,59.8,NA,"labor","labor",-2.4
"Canberra","independent",9.9,6.7,13.6,59.8,NA,"labor","labor",-2.4
"Canberra","onenation",2.6,1.8,3.6,59.8,NA,"labor","labor",-2.4
"Canberra","other",1.2,0.6,2,59.8,NA,"labor","labor",-2.4
"Canning","coalition",39.2,34.9,43.4,48.4,51.6,"coalition","coalition",-2
"Canning","labor",32.2,27.8,36.8,48.4,51.6,"coalition","coalition",-2
"Canning","greens",9.1,7.4,11,48.4,51.6,"coalition","coalition",-2
"Canning","onenation",8.5,6.2,11.4,48.4,51.6,"coalition","coalition",-2
"Canning","independent",6.9,4.5,9.5,48.4,51.6,"coalition","coalition",-2
"Canning","other",4.1,2.6,5.9,48.4,51.6,"coalition","coalition",-2
"Capricornia","coalition",39.3,34.4,44.4,41.1,58.9,"coalition","coalition",2.3
"Capricornia","labor",23.8,19.7,28.3,41.1,58.9,"coalition","coalition",2.3
"Capricornia","onenation",21.2,16.5,26.3,41.1,58.9,"coalition","coalition",2.3
"Capricornia","greens",7.8,6,9.9,41.1,58.9,"coalition","coalition",2.3
"Capricornia","independent",5.1,3,7.6,41.1,58.9,"coalition","coalition",2.3
"Capricornia","other",2.7,1.3,4.4,41.1,58.9,"coalition","coalition",2.3
"Casey","coalition",35.2,31.5,39.3,47.4,52.6,"coalition","coalition",1.1
"Casey","labor",22,18.1,26,47.4,52.6,"coalition","coalition",1.1
"Casey","independent",15.5,11.7,20.2,47.4,52.6,"coalition","coalition",1.1
"Casey","greens",13.7,11.5,16,47.4,52.6,"coalition","coalition",1.1
"Casey","onenation",9.1,6.6,12.2,47.4,52.6,"coalition","coalition",1.1
"Casey","other",4.6,2.9,6.6,47.4,52.6,"coalition","coalition",1.1
"Chifley","labor",41.3,35.8,47.2,58.2,41.8,"labor","labor",-5.3
"Chifley","coalition",29.3,26,33,58.2,41.8,"labor","labor",-5.3
"Chifley","greens",11.4,9.2,13.5,58.2,41.8,"labor","labor",-5.3
"Chifley","onenation",9.8,7.4,12.7,58.2,41.8,"labor","labor",-5.3
"Chifley","independent",4.9,2.8,7.4,58.2,41.8,"labor","labor",-5.3
"Chifley","other",3.3,2.1,4.6,58.2,41.8,"labor","labor",-5.3
"Chisholm","coalition",38.3,34.6,42.3,50.7,49.3,"coalition","labor",-5.7
"Chisholm","labor",30.9,26.6,35.3,50.7,49.3,"coalition","labor",-5.7
"Chisholm","greens",14.8,12.6,17.2,50.7,49.3,"coalition","labor",-5.7
"Chisholm","independent",8.7,6,11.8,50.7,49.3,"coalition","labor",-5.7
"Chisholm","onenation",4.1,2.9,5.6,50.7,49.3,"coalition","labor",-5.7
"Chisholm","other",3.2,2.1,4.5,50.7,49.3,"coalition","labor",-5.7
"Clark","independent",43.5,39.6,47.4,35.2,NA,"independent","independent",-6.1
"Clark","labor",21.2,19,23.6,35.2,NA,"independent","independent",-6.1
"Clark","coalition",16.5,14.7,18.4,35.2,NA,"independent","independent",-6.1
"Clark","greens",14.4,12.6,16.5,35.2,NA,"independent","independent",-6.1
"Clark","onenation",4,2.9,5.3,35.2,NA,"independent","independent",-6.1
"Clark","other",0.3,0.1,0.6,35.2,NA,"independent","independent",-6.1
"Cook","coalition",49.4,44.5,54.5,39.8,60.2,"coalition","coalition",-2.3
"Cook","labor",25.1,21.2,29.7,39.8,60.2,"coalition","coalition",-2.3
"Cook","greens",10.1,8.5,11.8,39.8,60.2,"coalition","coalition",-2.3
"Cook","onenation",8.2,6.2,10.5,39.8,60.2,"coalition","coalition",-2.3
"Cook","independent",4.2,2.5,6.2,39.8,60.2,"coalition","coalition",-2.3
"Cook","other",2.9,1.8,4.2,39.8,60.2,"coalition","coalition",-2.3
"Cooper","labor",34.4,29.3,40,56,NA,"labor","labor",-2.6
"Cooper","greens",27.7,24,31.4,56,NA,"labor","labor",-2.6
"Cooper","coalition",20.8,18.1,23.7,56,NA,"labor","labor",-2.6
"Cooper","independent",5.9,3.4,9.1,56,NA,"labor","labor",-2.6
"Cooper","onenation",5.8,4.2,7.7,56,NA,"labor","labor",-2.6
"Cooper","other",5.5,3.3,7.8,56,NA,"labor","labor",-2.6
"Corangamite","labor",35.5,31,40.5,54.9,45.1,"labor","labor",-2.7
"Corangamite","coalition",34,30.7,37.5,54.9,45.1,"labor","labor",-2.7
"Corangamite","greens",15.9,13.6,18.3,54.9,45.1,"labor","labor",-2.7
"Corangamite","onenation",6,4.2,7.8,54.9,45.1,"labor","labor",-2.7
"Corangamite","independent",5.3,3.2,7.5,54.9,45.1,"labor","labor",-2.7
"Corangamite","other",3.3,2.1,4.6,54.9,45.1,"labor","labor",-2.7
"Corio","labor",35.1,30.1,40,57.5,42.5,"labor","labor",-5.3
"Corio","coalition",28.2,25.1,31.4,57.5,42.5,"labor","labor",-5.3
"Corio","greens",16,13.8,18.5,57.5,42.5,"labor","labor",-5.3
"Corio","independent",7.6,4.7,10.7,57.5,42.5,"labor","labor",-5.3
"Corio","onenation",7.5,5.4,9.6,57.5,42.5,"labor","labor",-5.3
"Corio","other",5.7,3.8,7.6,57.5,42.5,"labor","labor",-5.3
"Cowan","labor",39.8,34.8,45.5,56.1,43.9,"labor","labor",-4.8
"Cowan","coalition",32.3,28.6,36.2,56.1,43.9,"labor","labor",-4.8
"Cowan","greens",11.4,9.4,13.6,56.1,43.9,"labor","labor",-4.8
"Cowan","onenation",8.3,6.4,10.5,56.1,43.9,"labor","labor",-4.8
"Cowan","independent",4.4,2.6,6.3,56.1,43.9,"labor","labor",-4.8
"Cowan","other",3.8,2.4,5.6,56.1,43.9,"labor","labor",-4.8
"Cowper","coalition",35.6,33.2,38.1,NA,48.4,"coalition","independent",4
"Cowper","independent",29.8,25.9,34.3,NA,48.4,"coalition","independent",4
"Cowper","labor",15.3,13.5,17.4,NA,48.4,"coalition","independent",4
"Cowper","onenation",11.1,8.9,13.7,NA,48.4,"coalition","independent",4
"Cowper","greens",7.5,6.4,8.8,NA,48.4,"coalition","independent",4
"Cowper","other",0.7,0.3,1.2,NA,48.4,"coalition","independent",4
"Cunningham","labor",37.2,32.8,42.1,60,40,"labor","labor",-4.7
"Cunningham","coalition",27.3,24.4,30.3,60,40,"labor","labor",-4.7
"Cunningham","greens",19.7,17.3,22.4,60,40,"labor","labor",-4.7
"Cunningham","onenation",7.3,5.6,9.2,60,40,"labor","labor",-4.7
"Cunningham","independent",5.1,3.3,7.2,60,40,"labor","labor",-4.7
"Cunningham","other",3.3,2.1,4.7,60,40,"labor","labor",-4.7
"Curtin","coalition",38.2,36.2,40.2,NA,48.8,"coalition","independent",-0.1
"Curtin","independent",28.4,25,31.9,NA,48.8,"coalition","independent",-0.1
"Curtin","labor",18.5,16.6,20.6,NA,48.8,"coalition","independent",-0.1
"Curtin","greens",11.8,10.5,13.3,NA,48.8,"coalition","independent",-0.1
"Curtin","onenation",2.4,1.6,3.2,NA,48.8,"coalition","independent",-0.1
"Curtin","other",0.7,0.3,1.1,NA,48.8,"coalition","independent",-0.1
"Dawson","coalition",42.9,38.4,48,38.9,61.1,"coalition","coalition",0.7
"Dawson","labor",21.6,18.2,25.2,38.9,61.1,"coalition","coalition",0.7
"Dawson","onenation",18.5,14.4,23.1,38.9,61.1,"coalition","coalition",0.7
"Dawson","greens",8.4,6.8,10.1,38.9,61.1,"coalition","coalition",0.7
"Dawson","independent",4.6,2.6,7.5,38.9,61.1,"coalition","coalition",0.7
"Dawson","other",3.9,2.2,6,38.9,61.1,"coalition","coalition",0.7
"Deakin","coalition",38.3,34.6,42.3,50,50,"coalition","labor",0.2
"Deakin","labor",29.3,24.9,33.6,50,50,"coalition","labor",0.2
"Deakin","greens",15.7,13.6,18.1,50,50,"coalition","labor",0.2
"Deakin","independent",8.1,5.5,11.2,50,50,"coalition","labor",0.2
"Deakin","onenation",4.9,3.6,6.6,50,50,"coalition","labor",0.2
"Deakin","other",3.6,2.4,5.2,50,50,"coalition","labor",0.2
"Dickson","coalition",39.7,35.9,43.7,47.5,52.5,"coalition","coalition",0.8
"Dickson","labor",28.8,24.9,32.8,47.5,52.5,"coalition","coalition",0.8
"Dickson","greens",12.7,10.7,14.8,47.5,52.5,"coalition","coalition",0.8
"Dickson","onenation",8.6,6.5,10.9,47.5,52.5,"coalition","coalition",0.8
"Dickson","independent",7.8,5.4,10.8,47.5,52.5,"coalition","coalition",0.8
"Dickson","other",2.4,1.5,3.6,47.5,52.5,"coalition","coalition",0.8
"Dobell","labor",35.6,30.6,40.7,52.1,47.9,"labor","labor",-4.5
"Dobell","coalition",34.7,31.2,38.6,52.1,47.9,"labor","labor",-4.5
"Dobell","onenation",11.8,9.2,14.5,52.1,47.9,"labor","labor",-4.5
"Dobell","greens",10.9,9.1,13,52.1,47.9,"labor","labor",-4.5
"Dobell","independent",4.5,2.7,6.3,52.1,47.9,"labor","labor",-4.5
"Dobell","other",2.7,1.7,3.8,52.1,47.9,"labor","labor",-4.5
"Dunkley","labor",32.9,27.9,37.7,53.6,46.4,"labor","labor",-2.7
"Dunkley","coalition",32.7,29.2,36.5,53.6,46.4,"labor","labor",-2.7
"Dunkley","greens",13.6,11.3,16.1,53.6,46.4,"labor","labor",-2.7
"Dunkley","independent",8.2,5.4,11.3,53.6,46.4,"labor","labor",-2.7
"Dunkley","onenation",7.4,5.6,9.5,53.6,46.4,"labor","labor",-2.7
"Dunkley","other",5.2,3.5,7.3,53.6,46.4,"labor","labor",-2.7
"Durack","coalition",40.9,36.8,45.2,44.6,55.4,"coalition","coalition",1.1
"Durack","labor",27.4,23.5,31.6,44.6,55.4,"coalition","coalition",1.1
"Durack","onenation",12.8,9.9,15.9,44.6,55.4,"coalition","coalition",1.1
"Durack","greens",10.5,8.9,12.3,44.6,55.4,"coalition","coalition",1.1
"Durack","independent",4.7,2.9,6.6,44.6,55.4,"coalition","coalition",1.1
"Durack","other",3.6,2.2,5.1,44.6,55.4,"coalition","coalition",1.1
"Eden-Monaro","coalition",35.8,32.1,39.6,50.7,49.3,"coalition","labor",-7.5
"Eden-Monaro","labor",32.6,28.3,37.5,50.7,49.3,"coalition","labor",-7.5
"Eden-Monaro","greens",10.8,9.1,12.8,50.7,49.3,"coalition","labor",-7.5
"Eden-Monaro","onenation",9,6.8,11.5,50.7,49.3,"coalition","labor",-7.5
"Eden-Monaro","independent",7,4.6,9.9,50.7,49.3,"coalition","labor",-7.5
"Eden-Monaro","other",4.6,3.1,6.4,50.7,49.3,"coalition","labor",-7.5
"Fadden","coalition",42.7,38.4,47,41.6,58.4,"coalition","coalition",-2.2
"Fadden","labor",23.2,19.5,27.6,41.6,58.4,"coalition","coalition",-2.2
"Fadden","onenation",14.3,11.6,17.9,41.6,58.4,"coalition","coalition",-2.2
"Fadden","greens",10.8,9,12.6,41.6,58.4,"coalition","coalition",-2.2
"Fadden","independent",5.7,3.8,8,41.6,58.4,"coalition","coalition",-2.2
"Fadden","other",3.3,2.1,4.7,41.6,58.4,"coalition","coalition",-2.2
"Fairfax","coalition",41.2,37.3,45.4,42.6,57.4,"coalition","coalition",-1.6
"Fairfax","labor",22.2,18.9,26,42.6,57.4,"coalition","coalition",-1.6
"Fairfax","onenation",12.9,10.2,16.2,42.6,57.4,"coalition","coalition",-1.6
"Fairfax","greens",12.3,10.5,14.3,42.6,57.4,"coalition","coalition",-1.6
"Fairfax","independent",7.7,5.2,10.5,42.6,57.4,"coalition","coalition",-1.6
"Fairfax","other",3.7,2.3,5.1,42.6,57.4,"coalition","coalition",-1.6
"Farrer","coalition",48.5,43.9,53.3,36.4,63.6,"coalition","coalition",-2.7
"Farrer","labor",18.9,15.5,22.2,36.4,63.6,"coalition","coalition",-2.7
"Farrer","onenation",13.1,10.3,16.2,36.4,63.6,"coalition","coalition",-2.7
"Farrer","greens",9.5,8,11.1,36.4,63.6,"coalition","coalition",-2.7
"Farrer","independent",7.2,4.9,9.8,36.4,63.6,"coalition","coalition",-2.7
"Farrer","other",2.8,1.7,4.1,36.4,63.6,"coalition","coalition",-2.7
"Fenner","labor",40.5,34.6,46.2,61.1,38.9,"labor","labor",-4.6
"Fenner","coalition",28.7,25.6,32,61.1,38.9,"labor","labor",-4.6
"Fenner","greens",18.5,15.8,21.7,61.1,38.9,"labor","labor",-4.6
"Fenner","independent",5.6,3.6,8.5,61.1,38.9,"labor","labor",-4.6
"Fenner","onenation",4.6,3.3,6.2,61.1,38.9,"labor","labor",-4.6
"Fenner","other",2.1,1.3,3,61.1,38.9,"labor","labor",-4.6
"Fisher","coalition",41.6,37.4,46.1,41.8,58.2,"coalition","coalition",-0.4
"Fisher","labor",21.2,17.8,24.9,41.8,58.2,"coalition","coalition",-0.4
"Fisher","onenation",14.4,11.5,17.5,41.8,58.2,"coalition","coalition",-0.4
"Fisher","greens",13.1,11.2,15.1,41.8,58.2,"coalition","coalition",-0.4
"Fisher","independent",6.4,4.1,9.4,41.8,58.2,"coalition","coalition",-0.4
"Fisher","other",3.3,2,4.7,41.8,58.2,"coalition","coalition",-0.4
"Flinders","coalition",40.4,36,45.1,44.2,55.8,"coalition","coalition",-0.9
"Flinders","labor",22.2,18.7,26.2,44.2,55.8,"coalition","coalition",-0.9
"Flinders","independent",14.5,10.5,18.9,44.2,55.8,"coalition","coalition",-0.9
"Flinders","greens",11.4,9.3,13.4,44.2,55.8,"coalition","coalition",-0.9
"Flinders","onenation",8.3,5.9,11.2,44.2,55.8,"coalition","coalition",-0.9
"Flinders","other",3.3,2,4.9,44.2,55.8,"coalition","coalition",-0.9
"Flynn","coalition",36.8,32.4,41.5,43,57,"coalition","coalition",3.2
"Flynn","labor",25.7,21.5,30.1,43,57,"coalition","coalition",3.2
"Flynn","onenation",22.1,17.4,26.8,43,57,"coalition","coalition",3.2
"Flynn","greens",6.2,4.7,7.7,43,57,"coalition","coalition",3.2
"Flynn","independent",6.2,3.7,8.9,43,57,"coalition","coalition",3.2
"Flynn","other",3.1,1.7,4.6,43,57,"coalition","coalition",3.2
"Forde","coalition",36.9,33.1,41.2,45.7,54.3,"coalition","coalition",0.1
"Forde","labor",25.1,21.4,29.1,45.7,54.3,"coalition","coalition",0.1
"Forde","onenation",14.2,11,17.7,45.7,54.3,"coalition","coalition",0.1
"Forde","greens",11.4,9.6,13.4,45.7,54.3,"coalition","coalition",0.1
"Forde","independent",7.2,5,9.9,45.7,54.3,"coalition","coalition",0.1
"Forde","other",5.2,3.4,7.2,45.7,54.3,"coalition","coalition",0.1
"Forrest","coalition",40.8,36.9,44.8,46.2,53.8,"coalition","coalition",-0.5
"Forrest","labor",28.1,24.2,32.1,46.2,53.8,"coalition","coalition",-0.5
"Forrest","greens",12.4,10.7,14.3,46.2,53.8,"coalition","coalition",-0.5
"Forrest","onenation",9.2,6.9,11.8,46.2,53.8,"coalition","coalition",-0.5
"Forrest","independent",4.9,3,7.1,46.2,53.8,"coalition","coalition",-0.5
"Forrest","other",4.6,3.2,6.3,46.2,53.8,"coalition","coalition",-0.5
"Fowler","labor",31.6,28.1,34.9,47.3,NA,"labor","independent",1.1
"Fowler","independent",26.9,22.7,31.7,47.3,NA,"labor","independent",1.1
"Fowler","coalition",23.1,20.5,26,47.3,NA,"labor","independent",1.1
"Fowler","greens",9.7,8,11.4,47.3,NA,"labor","independent",1.1
"Fowler","onenation",7.3,5,9.6,47.3,NA,"labor","independent",1.1
"Fowler","other",1.5,0.7,2.6,47.3,NA,"labor","independent",1.1
"Franklin","labor",33.6,29.2,38.6,57.1,42.9,"labor","labor",-6.6
"Franklin","coalition",29.2,25.8,32.8,57.1,42.9,"labor","labor",-6.6
"Franklin","greens",18.1,15.5,21,57.1,42.9,"labor","labor",-6.6
"Franklin","other",6.7,4.6,9.2,57.1,42.9,"labor","labor",-6.6
"Franklin","independent",6.5,4.1,9,57.1,42.9,"labor","labor",-6.6
"Franklin","onenation",6,4.2,8,57.1,42.9,"labor","labor",-6.6
"Fraser","labor",38,33,43.8,60.6,39.4,"labor","labor",-5.9
"Fraser","coalition",27.2,23.9,30.6,60.6,39.4,"labor","labor",-5.9
"Fraser","greens",19.8,16.7,23.1,60.6,39.4,"labor","labor",-5.9
"Fraser","onenation",5.9,4.2,7.8,60.6,39.4,"labor","labor",-5.9
"Fraser","other",4.8,3.1,6.8,60.6,39.4,"labor","labor",-5.9
"Fraser","independent",4.3,2.5,6.7,60.6,39.4,"labor","labor",-5.9
"Fremantle","labor",37,32,42.1,59.1,40.9,"labor","labor",-7.8
"Fremantle","coalition",27.8,24.7,31.1,59.1,40.9,"labor","labor",-7.8
"Fremantle","greens",17.4,14.9,20.1,59.1,40.9,"labor","labor",-7.8
"Fremantle","onenation",7,5.2,9.2,59.1,40.9,"labor","labor",-7.8
"Fremantle","independent",5.8,3.7,8.4,59.1,40.9,"labor","labor",-7.8
"Fremantle","other",5,3.3,6.9,59.1,40.9,"labor","labor",-7.8
"Gellibrand","labor",36.9,32,42,57.6,42.4,"labor","labor",-4
"Gellibrand","coalition",29.9,26.8,33.1,57.6,42.4,"labor","labor",-4
"Gellibrand","greens",16.4,13.8,18.9,57.6,42.4,"labor","labor",-4
"Gellibrand","onenation",7.3,5.4,9.8,57.6,42.4,"labor","labor",-4
"Gellibrand","independent",5.1,3.2,7.4,57.6,42.4,"labor","labor",-4
"Gellibrand","other",4.5,3,6.1,57.6,42.4,"labor","labor",-4
"Gilmore","coalition",38.8,34.7,43.3,49.1,50.9,"coalition","coalition",1.1
"Gilmore","labor",31.7,26.8,37,49.1,50.9,"coalition","coalition",1.1
"Gilmore","greens",10.6,8.5,12.8,49.1,50.9,"coalition","coalition",1.1
"Gilmore","independent",9.8,6.6,13.8,49.1,50.9,"coalition","coalition",1.1
"Gilmore","onenation",8,5.5,10.9,49.1,50.9,"coalition","coalition",1.1
"Gilmore","other",1.1,0.6,1.7,49.1,50.9,"coalition","coalition",1.1
"Gippsland","coalition",48.7,43.8,54.1,37.6,62.4,"coalition","coalition",-8.2
"Gippsland","labor",21.5,17.9,25.3,37.6,62.4,"coalition","coalition",-8.2
"Gippsland","onenation",12.5,9.6,15.9,37.6,62.4,"coalition","coalition",-8.2
"Gippsland","greens",9.8,8.1,11.8,37.6,62.4,"coalition","coalition",-8.2
"Gippsland","independent",4.9,3,7.4,37.6,62.4,"coalition","coalition",-8.2
"Gippsland","other",2.4,1.4,3.6,37.6,62.4,"coalition","coalition",-8.2
"Goldstein","coalition",36.1,34,38.3,NA,45.5,"coalition","independent",1.6
"Goldstein","independent",34.6,30.9,37.7,NA,45.5,"coalition","independent",1.6
"Goldstein","labor",16.8,15,18.8,NA,45.5,"coalition","independent",1.6
"Goldstein","greens",9.8,8.5,11,NA,45.5,"coalition","independent",1.6
"Goldstein","onenation",2.1,1.4,2.8,NA,45.5,"coalition","independent",1.6
"Goldstein","other",0.5,0.2,0.9,NA,45.5,"coalition","independent",1.6
"Gorton","labor",33.4,28.9,38.2,52.2,47.8,"coalition","labor",-7.8
"Gorton","coalition",33.4,29.7,37.8,52.2,47.8,"coalition","labor",-7.8
"Gorton","greens",11.4,9.5,13.6,52.2,47.8,"coalition","labor",-7.8
"Gorton","onenation",10.2,7.7,13.2,52.2,47.8,"coalition","labor",-7.8
"Gorton","independent",6.1,4,8.5,52.2,47.8,"coalition","labor",-7.8
"Gorton","other",5.5,3.7,7.7,52.2,47.8,"coalition","labor",-7.8
"Grayndler","labor",44.5,38.5,50.8,63,NA,"labor","labor",-4.1
"Grayndler","greens",23.4,19.9,27.4,63,NA,"labor","labor",-4.1
"Grayndler","coalition",19.1,16.4,22.1,63,NA,"labor","labor",-4.1
"Grayndler","independent",6.5,4.3,9.1,63,NA,"labor","labor",-4.1
"Grayndler","onenation",3.9,2.6,5.4,63,NA,"labor","labor",-4.1
"Grayndler","other",2.6,1.6,4,63,NA,"labor","labor",-4.1
"Greenway","labor",37.6,32.9,43,53.8,46.2,"labor","labor",-7.8
"Greenway","coalition",35.6,31.8,39.4,53.8,46.2,"labor","labor",-7.8
"Greenway","greens",11,9.1,13.4,53.8,46.2,"labor","labor",-7.8
"Greenway","independent",6.6,4.2,9.2,53.8,46.2,"labor","labor",-7.8
"Greenway","onenation",6.2,4.5,8.2,53.8,46.2,"labor","labor",-7.8
"Greenway","other",3,2,4.2,53.8,46.2,"labor","labor",-7.8
"Grey","coalition",42.1,37.7,46.7,41.1,58.9,"coalition","coalition",-1.1
"Grey","labor",22,18.7,25.5,41.1,58.9,"coalition","coalition",-1.1
"Grey","onenation",13.4,10.3,16.6,41.1,58.9,"coalition","coalition",-1.1
"Grey","independent",12.6,9.3,16.4,41.1,58.9,"coalition","coalition",-1.1
"Grey","greens",7.7,6.3,9.3,41.1,58.9,"coalition","coalition",-1.1
"Grey","other",2.2,1.3,3.4,41.1,58.9,"coalition","coalition",-1.1
"Griffith","labor",32.5,28.8,36.7,54.8,NA,"labor","labor",54.8
"Griffith","greens",30.5,27.2,34.1,54.8,NA,"labor","labor",54.8
"Griffith","coalition",29.8,26.8,33.1,54.8,NA,"labor","labor",54.8
"Griffith","onenation",4,2.9,5.5,54.8,NA,"labor","labor",54.8
"Griffith","independent",1.8,0.9,2.8,54.8,NA,"labor","labor",54.8
"Griffith","other",1.4,0.7,2.1,54.8,NA,"labor","labor",54.8
"Groom","coalition",43.6,41.3,46,38.8,61.2,"coalition","coalition",4.3
"Groom","labor",19.3,16.7,21.7,38.8,61.2,"coalition","coalition",4.3
"Groom","onenation",14.9,12.4,17.6,38.8,61.2,"coalition","coalition",4.3
"Groom","independent",12.1,9.2,15.1,38.8,61.2,"coalition","coalition",4.3
"Groom","greens",8.4,7.3,9.6,38.8,61.2,"coalition","coalition",4.3
"Groom","other",1.7,1,2.4,38.8,61.2,"coalition","coalition",4.3
"Hasluck","labor",38.9,34,44,55.9,44.1,"labor","labor",-0.1
"Hasluck","coalition",32.3,28.6,36.1,55.9,44.1,"labor","labor",-0.1
"Hasluck","greens",11.8,9.9,13.9,55.9,44.1,"labor","labor",-0.1
"Hasluck","onenation",8.1,5.8,10.5,55.9,44.1,"labor","labor",-0.1
"Hasluck","independent",5.6,3.5,8.2,55.9,44.1,"labor","labor",-0.1
"Hasluck","other",3.4,2.2,4.8,55.9,44.1,"labor","labor",-0.1
"Hawke","coalition",31.1,27.3,34.7,51.9,48.1,"coalition","labor",-5.7
"Hawke","labor",30.2,25.9,34.8,51.9,48.1,"coalition","labor",-5.7
"Hawke","onenation",12.3,9.4,15.8,51.9,48.1,"coalition","labor",-5.7
"Hawke","greens",11.7,10,13.7,51.9,48.1,"coalition","labor",-5.7
"Hawke","independent",10.5,7.6,14.1,51.9,48.1,"coalition","labor",-5.7
"Hawke","other",4.2,2.4,6,51.9,48.1,"coalition","labor",-5.7
"Herbert","coalition",45,40,50.2,41.4,58.6,"coalition","coalition",-3.1
"Herbert","labor",23.6,19.9,27.7,41.4,58.6,"coalition","coalition",-3.1
"Herbert","greens",10.3,8.3,12.4,41.4,58.6,"coalition","coalition",-3.1
"Herbert","onenation",9,6.5,11.7,41.4,58.6,"coalition","coalition",-3.1
"Herbert","independent",6.8,4.4,10.1,41.4,58.6,"coalition","coalition",-3.1
"Herbert","other",5.2,3.3,7.5,41.4,58.6,"coalition","coalition",-3.1
"Hindmarsh","labor",35.5,30.8,40.4,53.9,46.1,"labor","labor",-5.1
"Hindmarsh","coalition",34,30.6,37.7,53.9,46.1,"labor","labor",-5.1
"Hindmarsh","greens",13.9,11.9,16.1,53.9,46.1,"labor","labor",-5.1
"Hindmarsh","onenation",8.4,6.3,11.4,53.9,46.1,"labor","labor",-5.1
"Hindmarsh","independent",5.4,3.3,7.9,53.9,46.1,"labor","labor",-5.1
"Hindmarsh","other",2.8,1.8,4,53.9,46.1,"labor","labor",-5.1
"Hinkler","coalition",41.9,37.2,46.9,41.1,58.9,"coalition","coalition",-1.2
"Hinkler","labor",22.9,19.2,27,41.1,58.9,"coalition","coalition",-1.2
"Hinkler","onenation",15,11.7,19,41.1,58.9,"coalition","coalition",-1.2
"Hinkler","independent",11,7.7,14.7,41.1,58.9,"coalition","coalition",-1.2
"Hinkler","greens",7.2,5.6,8.8,41.1,58.9,"coalition","coalition",-1.2
"Hinkler","other",2,1.1,3.2,41.1,58.9,"coalition","coalition",-1.2
"Holt","labor",33.6,28.9,38.6,53.3,46.7,"labor","labor",-3.9
"Holt","coalition",32,28.1,35.9,53.3,46.7,"labor","labor",-3.9
"Holt","greens",13.4,11.1,16,53.3,46.7,"labor","labor",-3.9
"Holt","onenation",11.5,8.9,15,53.3,46.7,"labor","labor",-3.9
"Holt","independent",5.1,3.1,7.2,53.3,46.7,"labor","labor",-3.9
"Holt","other",4.4,2.8,6.2,53.3,46.7,"labor","labor",-3.9
"Hotham","labor",36.4,31,41.5,56.7,43.3,"labor","labor",-7.5
"Hotham","coalition",31.7,28.6,35.2,56.7,43.3,"labor","labor",-7.5
"Hotham","greens",16.5,14.2,19.1,56.7,43.3,"labor","labor",-7.5
"Hotham","onenation",5.5,3.9,7.2,56.7,43.3,"labor","labor",-7.5
"Hotham","independent",5.4,3.4,7.7,56.7,43.3,"labor","labor",-7.5
"Hotham","other",4.6,3,6.2,56.7,43.3,"labor","labor",-7.5
"Hughes","coalition",39.5,35.4,43.9,46.1,53.9,"coalition","coalition",-3.1
"Hughes","labor",24.4,20.3,28.5,46.1,53.9,"coalition","coalition",-3.1
"Hughes","independent",17.2,13.1,21.9,46.1,53.9,"coalition","coalition",-3.1
"Hughes","greens",10.4,8.3,12.7,46.1,53.9,"coalition","coalition",-3.1
"Hughes","onenation",5.8,3.9,8.1,46.1,53.9,"coalition","coalition",-3.1
"Hughes","other",2.7,1.6,4.1,46.1,53.9,"coalition","coalition",-3.1
"Hume","coalition",42.8,37.8,48,40.9,59.1,"coalition","coalition",1.4
"Hume","labor",22.3,18.4,26.3,40.9,59.1,"coalition","coalition",1.4
"Hume","onenation",12.8,9.4,16.7,40.9,59.1,"coalition","coalition",1.4
"Hume","independent",11.8,8,16,40.9,59.1,"coalition","coalition",1.4
"Hume","greens",7.7,6,9.6,40.9,59.1,"coalition","coalition",1.4
"Hume","other",2.7,1.4,4.2,40.9,59.1,"coalition","coalition",1.4
"Hunter","labor",33.2,28.5,38.2,52.2,47.8,"labor","labor",-1.8
"Hunter","coalition",30.8,27,35,52.2,47.8,"labor","labor",-1.8
"Hunter","onenation",16.2,13,20.4,52.2,47.8,"labor","labor",-1.8
"Hunter","greens",10.2,8.4,12.2,52.2,47.8,"labor","labor",-1.8
"Hunter","independent",7.3,4.8,10.3,52.2,47.8,"labor","labor",-1.8
"Hunter","other",2.2,1.2,3.5,52.2,47.8,"labor","labor",-1.8
"Indi","independent",42.5,38.1,46.9,NA,41.4,"independent","independent",-0.4
"Indi","coalition",32.5,30,34.9,NA,41.4,"independent","independent",-0.4
"Indi","labor",11.5,9.9,13.3,NA,41.4,"independent","independent",-0.4
"Indi","onenation",6.8,5.4,8.4,NA,41.4,"independent","independent",-0.4
"Indi","greens",6.3,5.2,7.6,NA,41.4,"independent","independent",-0.4
"Indi","other",0.5,0.2,0.8,NA,41.4,"independent","independent",-0.4
"Isaacs","labor",36.5,32,41.1,56.3,43.7,"labor","labor",-0.6
"Isaacs","coalition",31.6,28.3,35.1,56.3,43.7,"labor","labor",-0.6
"Isaacs","greens",14.5,12.3,16.7,56.3,43.7,"labor","labor",-0.6
"Isaacs","independent",6.2,4.1,8.8,56.3,43.7,"labor","labor",-0.6
"Isaacs","onenation",6,4.3,7.7,56.3,43.7,"labor","labor",-0.6
"Isaacs","other",5.2,3.5,7,56.3,43.7,"labor","labor",-0.6
"Jagajaga","labor",37,32.5,41.9,58.2,41.8,"labor","labor",-4.1
"Jagajaga","coalition",30.2,27.1,33.4,58.2,41.8,"labor","labor",-4.1
"Jagajaga","greens",16.9,14.5,19.4,58.2,41.8,"labor","labor",-4.1
"Jagajaga","independent",7.7,5.5,10.2,58.2,41.8,"labor","labor",-4.1
"Jagajaga","onenation",4.8,3.4,6.2,58.2,41.8,"labor","labor",-4.1
"Jagajaga","other",3.4,2.3,4.7,58.2,41.8,"labor","labor",-4.1
"Kennedy","other",44.3,39.7,49.4,NA,34.8,"other","other",2.1
"Kennedy","coalition",27.5,24.2,30.7,NA,34.8,"other","other",2.1
"Kennedy","labor",15.6,13.1,18.2,NA,34.8,"other","other",2.1
"Kennedy","greens",7.8,6.1,9.4,NA,34.8,"other","other",2.1
"Kennedy","independent",2.6,1.3,4.2,NA,34.8,"other","other",2.1
"Kennedy","onenation",2.2,1,3.7,NA,34.8,"other","other",2.1
"Kingsford Smith","labor",41.5,36.5,47.4,60.1,39.9,"labor","labor",-4.4
"Kingsford Smith","coalition",29.9,26.8,33.2,60.1,39.9,"labor","labor",-4.4
"Kingsford Smith","greens",16,13.8,18.4,60.1,39.9,"labor","labor",-4.4
"Kingsford Smith","onenation",5.4,4,7,60.1,39.9,"labor","labor",-4.4
"Kingsford Smith","independent",5.1,3.3,7.4,60.1,39.9,"labor","labor",-4.4
"Kingsford Smith","other",2,1.2,2.8,60.1,39.9,"labor","labor",-4.4
"Kingston","labor",40.4,35.6,45.4,58.9,41.1,"labor","labor",-7.4
"Kingston","coalition",28.1,25,31.7,58.9,41.1,"labor","labor",-7.4
"Kingston","greens",13,10.7,15.2,58.9,41.1,"labor","labor",-7.4
"Kingston","onenation",9.8,7.6,12.2,58.9,41.1,"labor","labor",-7.4
"Kingston","independent",6.7,4.6,9,58.9,41.1,"labor","labor",-7.4
"Kingston","other",2.1,1.3,3,58.9,41.1,"labor","labor",-7.4
"Kooyong","coalition",39,36.5,41.4,NA,48.8,"coalition","independent",-1.7
"Kooyong","independent",30.1,27,33.3,NA,48.8,"coalition","independent",-1.7
"Kooyong","labor",16.9,15,18.8,NA,48.8,"coalition","independent",-1.7
"Kooyong","greens",11.6,10.3,13.1,NA,48.8,"coalition","independent",-1.7
"Kooyong","onenation",2.1,1.4,2.8,NA,48.8,"coalition","independent",-1.7
"Kooyong","other",0.4,0.2,0.7,NA,48.8,"coalition","independent",-1.7
"La Trobe","coalition",41.8,37.6,46.1,44.5,55.5,"coalition","coalition",-3.2
"La Trobe","labor",25.5,22.1,29.6,44.5,55.5,"coalition","coalition",-3.2
"La Trobe","greens",13.1,10.9,15.4,44.5,55.5,"coalition","coalition",-3.2
"La Trobe","onenation",9.8,7.2,12.8,44.5,55.5,"coalition","coalition",-3.2
"La Trobe","independent",5.4,3.3,7.9,44.5,55.5,"coalition","coalition",-3.2
"La Trobe","other",4.4,2.6,6.5,44.5,55.5,"coalition","coalition",-3.2
"Lalor","labor",34.3,29.6,39.4,55.8,44.2,"labor","labor",-7.1
"Lalor","coalition",29.4,26.1,33,55.8,44.2,"labor","labor",-7.1
"Lalor","greens",14.5,12.4,17.1,55.8,44.2,"labor","labor",-7.1
"Lalor","onenation",9.5,7,12.4,55.8,44.2,"labor","labor",-7.1
"Lalor","independent",7,4.5,9.9,55.8,44.2,"labor","labor",-7.1
"Lalor","other",5.3,3.6,7.4,55.8,44.2,"labor","labor",-7.1
"Leichhardt","coalition",37.1,33.2,41.2,46.7,53.3,"coalition","coalition",-0.1
"Leichhardt","labor",26.1,22.4,30.1,46.7,53.3,"coalition","coalition",-0.1
"Leichhardt","greens",12.5,10.6,14.7,46.7,53.3,"coalition","coalition",-0.1
"Leichhardt","onenation",11.8,8.8,15.1,46.7,53.3,"coalition","coalition",-0.1
"Leichhardt","other",7.1,4.7,9.8,46.7,53.3,"coalition","coalition",-0.1
"Leichhardt","independent",5.3,3.4,7.8,46.7,53.3,"coalition","coalition",-0.1
"Lilley","labor",38.4,33.3,43.2,57.9,42.1,"labor","labor",-2.6
"Lilley","coalition",30.8,27.7,34.1,57.9,42.1,"labor","labor",-2.6
"Lilley","greens",16.4,14.1,18.7,57.9,42.1,"labor","labor",-2.6
"Lilley","onenation",6.6,5.2,8.3,57.9,42.1,"labor","labor",-2.6
"Lilley","independent",5,3.1,7.3,57.9,42.1,"labor","labor",-2.6
"Lilley","other",2.8,1.9,4,57.9,42.1,"labor","labor",-2.6
"Lindsay","coalition",43.2,39.1,47.8,44.6,55.4,"coalition","coalition",-1
"Lindsay","labor",28.8,24.9,33.1,44.6,55.4,"coalition","coalition",-1
"Lindsay","greens",10.3,8.4,12.4,44.6,55.4,"coalition","coalition",-1
"Lindsay","onenation",9.6,7.4,12.1,44.6,55.4,"coalition","coalition",-1
"Lindsay","independent",4.8,3.2,6.8,44.6,55.4,"coalition","coalition",-1
"Lindsay","other",3.2,2,4.9,44.6,55.4,"coalition","coalition",-1
"Lingiari","labor",35.2,29.8,41,54.6,45.4,"labor","labor",3.7
"Lingiari","coalition",32.1,27.7,36.8,54.6,45.4,"labor","labor",3.7
"Lingiari","greens",14.2,11.2,17.4,54.6,45.4,"labor","labor",3.7
"Lingiari","onenation",9.9,6.8,13.4,54.6,45.4,"labor","labor",3.7
"Lingiari","independent",6,3.4,9,54.6,45.4,"labor","labor",3.7
"Lingiari","other",2.5,1.3,4,54.6,45.4,"labor","labor",3.7
"Longman","coalition",38.3,34.7,42.2,45.6,54.4,"coalition","coalition",1.3
"Longman","labor",27.6,23.8,31.5,45.6,54.4,"coalition","coalition",1.3
"Longman","onenation",13.3,10,16.6,45.6,54.4,"coalition","coalition",1.3
"Longman","greens",9.5,7.9,11.2,45.6,54.4,"coalition","coalition",1.3
"Longman","other",6.7,4.7,9.2,45.6,54.4,"coalition","coalition",1.3
"Longman","independent",4.6,3,6.5,45.6,54.4,"coalition","coalition",1.3
"Lyne","coalition",41.1,36.7,45.9,41.1,58.9,"coalition","coalition",-4.9
"Lyne","labor",20.9,17.4,24.9,41.1,58.9,"coalition","coalition",-4.9
"Lyne","onenation",14,10.5,18,41.1,58.9,"coalition","coalition",-4.9
"Lyne","independent",12.9,9.1,17.1,41.1,58.9,"coalition","coalition",-4.9
"Lyne","greens",8.3,6.8,10,41.1,58.9,"coalition","coalition",-4.9
"Lyne","other",2.8,1.7,4.2,41.1,58.9,"coalition","coalition",-4.9
"Lyons","coalition",37.7,33.4,41.9,47.5,52.5,"coalition","coalition",3.4
"Lyons","labor",28,23.9,32.5,47.5,52.5,"coalition","coalition",3.4
"Lyons","greens",11.7,9.8,13.8,47.5,52.5,"coalition","coalition",3.4
"Lyons","onenation",10,7.2,13.2,47.5,52.5,"coalition","coalition",3.4
"Lyons","independent",6.8,4.2,9.9,47.5,52.5,"coalition","coalition",3.4
"Lyons","other",5.9,3.5,8.6,47.5,52.5,"coalition","coalition",3.4
"Macarthur","labor",35,29.9,40.4,52.6,47.4,"labor","labor",-5.9
"Macarthur","coalition",33.4,29.7,37.4,52.6,47.4,"labor","labor",-5.9
"Macarthur","onenation",12.2,9.7,15.1,52.6,47.4,"labor","labor",-5.9
"Macarthur","greens",11.6,9.6,13.9,52.6,47.4,"labor","labor",-5.9
"Macarthur","independent",4.8,2.9,6.9,52.6,47.4,"labor","labor",-5.9
"Macarthur","other",3,1.9,4.3,52.6,47.4,"labor","labor",-5.9
"Mackellar","coalition",39.7,37.3,42.1,NA,48.4,"coalition","independent",-0.9
"Mackellar","independent",34,30.3,37.6,NA,48.4,"coalition","independent",-0.9
"Mackellar","labor",14.2,12.3,16.1,NA,48.4,"coalition","independent",-0.9
"Mackellar","greens",8.1,6.9,9.5,NA,48.4,"coalition","independent",-0.9
"Mackellar","onenation",3.5,2.4,4.8,NA,48.4,"coalition","independent",-0.9
"Mackellar","other",0.5,0.2,1,NA,48.4,"coalition","independent",-0.9
"Macnamara","labor",33.9,29.3,39,60,40,"labor","labor",-2.3
"Macnamara","coalition",28.1,25,31.5,60,40,"labor","labor",-2.3
"Macnamara","greens",25.4,22.2,28.9,60,40,"labor","labor",-2.3
"Macnamara","independent",5.6,3.7,8,60,40,"labor","labor",-2.3
"Macnamara","onenation",4.4,2.9,6,60,40,"labor","labor",-2.3
"Macnamara","other",2.7,1.6,3.9,60,40,"labor","labor",-2.3
"Macquarie","coalition",36.5,32.6,40.5,50.6,49.4,"coalition","labor",-7.2
"Macquarie","labor",32.7,27.6,37.6,50.6,49.4,"coalition","labor",-7.2
"Macquarie","greens",12.5,10.4,14.9,50.6,49.4,"coalition","labor",-7.2
"Macquarie","onenation",10.1,7.8,13,50.6,49.4,"coalition","labor",-7.2
"Macquarie","independent",5.7,3.6,8.1,50.6,49.4,"coalition","labor",-7.2
"Macquarie","other",2.6,1.5,3.7,50.6,49.4,"coalition","labor",-7.2
"Makin","labor",39,34.7,43.7,55.3,44.7,"labor","labor",-5.5
"Makin","coalition",33.1,29.8,36.6,55.3,44.7,"labor","labor",-5.5
"Makin","greens",12,10.2,13.9,55.3,44.7,"labor","labor",-5.5
"Makin","onenation",9.3,7.2,11.8,55.3,44.7,"labor","labor",-5.5
"Makin","independent",3.7,2.1,5.6,55.3,44.7,"labor","labor",-5.5
"Makin","other",3,2,4.1,55.3,44.7,"labor","labor",-5.5
"Mallee","coalition",44.7,40,49.6,37.3,62.7,"coalition","coalition",-6.3
"Mallee","labor",18.1,15,21.7,37.3,62.7,"coalition","coalition",-6.3
"Mallee","onenation",14.5,11.2,18.3,37.3,62.7,"coalition","coalition",-6.3
"Mallee","independent",13.5,9.6,17.7,37.3,62.7,"coalition","coalition",-6.3
"Mallee","greens",6.7,5.4,8,37.3,62.7,"coalition","coalition",-6.3
"Mallee","other",2.5,1.5,3.7,37.3,62.7,"coalition","coalition",-6.3
"Maranoa","coalition",48.6,42.6,55.1,NA,67.7,"coalition","coalition",-4.5
"Maranoa","onenation",24.8,19.3,31.7,NA,67.7,"coalition","coalition",-4.5
"Maranoa","labor",14.8,11.9,17.9,NA,67.7,"coalition","coalition",-4.5
"Maranoa","greens",5.9,4.5,7.3,NA,67.7,"coalition","coalition",-4.5
"Maranoa","independent",3.5,2.1,5.6,NA,67.7,"coalition","coalition",-4.5
"Maranoa","other",2.4,1.2,3.9,NA,67.7,"coalition","coalition",-4.5
"Maribyrnong","labor",36.2,31.5,40.8,57.4,42.6,"labor","labor",-5
"Maribyrnong","coalition",30.5,27.4,33.7,57.4,42.6,"labor","labor",-5
"Maribyrnong","greens",16.7,14.3,19.3,57.4,42.6,"labor","labor",-5
"Maribyrnong","independent",5.8,3.7,8.4,57.4,42.6,"labor","labor",-5
"Maribyrnong","other",5.8,4.1,7.9,57.4,42.6,"labor","labor",-5
"Maribyrnong","onenation",5,3.5,6.6,57.4,42.6,"labor","labor",-5
"Mayo","other",36.5,32.6,40.2,NA,37.9,"other","other",-0.1
"Mayo","coalition",28.8,26.4,31.3,NA,37.9,"other","other",-0.1
"Mayo","labor",16.3,14.3,18.3,NA,37.9,"other","other",-0.1
"Mayo","greens",12.7,11,14.3,NA,37.9,"other","other",-0.1
"Mayo","onenation",3.5,2.4,4.7,NA,37.9,"other","other",-0.1
"Mayo","independent",2.1,1.2,3.2,NA,37.9,"other","other",-0.1
"McEwen","coalition",35,31.2,39.1,50.5,49.5,"coalition","labor",-2.8
"McEwen","labor",30.6,26,35.2,50.5,49.5,"coalition","labor",-2.8
"McEwen","greens",13.8,11.8,16.2,50.5,49.5,"coalition","labor",-2.8
"McEwen","onenation",11.1,8.5,14.3,50.5,49.5,"coalition","labor",-2.8
"McEwen","independent",5.5,3.6,7.8,50.5,49.5,"coalition","labor",-2.8
"McEwen","other",3.9,2.5,5.5,50.5,49.5,"coalition","labor",-2.8
"McMahon","labor",37.8,33,43.4,54,46,"labor","labor",-5.5
"McMahon","coalition",33.6,30,37.5,54,46,"labor","labor",-5.5
"McMahon","greens",9.6,7.8,11.6,54,46,"labor","labor",-5.5
"McMahon","onenation",8.3,6.2,10.8,54,46,"labor","labor",-5.5
"McMahon","other",5.5,3.6,7.5,54,46,"labor","labor",-5.5
"McMahon","independent",5.2,3.2,7.6,54,46,"labor","labor",-5.5
"McPherson","coalition",41.5,37.4,45.6,43.2,56.8,"coalition","coalition",-2.6
"McPherson","labor",23,19.6,27,43.2,56.8,"coalition","coalition",-2.6
"McPherson","greens",13.4,11.4,15.6,43.2,56.8,"coalition","coalition",-2.6
"McPherson","onenation",12,9.3,14.7,43.2,56.8,"coalition","coalition",-2.6
"McPherson","independent",5.6,3.4,8.3,43.2,56.8,"coalition","coalition",-2.6
"McPherson","other",4.5,2.7,6.4,43.2,56.8,"coalition","coalition",-2.6
"Melbourne","greens",41.3,37.5,45.4,47.3,NA,"greens","greens",-7.5
"Melbourne","labor",30.9,27.5,34.5,47.3,NA,"greens","greens",-7.5
"Melbourne","coalition",19.4,17.1,21.8,47.3,NA,"greens","greens",-7.5
"Melbourne","other",3.5,2.4,4.8,47.3,NA,"greens","greens",-7.5
"Melbourne","independent",2.8,1.8,4,47.3,NA,"greens","greens",-7.5
"Melbourne","onenation",2.1,1.4,3,47.3,NA,"greens","greens",-7.5
"Menzies","coalition",40.4,36.2,44.8,47.4,52.6,"coalition","coalition",1.9
"Menzies","labor",27.6,23.6,31.9,47.4,52.6,"coalition","coalition",1.9
"Menzies","greens",14,11.8,16.4,47.4,52.6,"coalition","coalition",1.9
"Menzies","independent",6.6,3.9,9.6,47.4,52.6,"coalition","coalition",1.9
"Menzies","other",6.5,4.2,9.2,47.4,52.6,"coalition","coalition",1.9
"Menzies","onenation",4.9,3.4,6.9,47.4,52.6,"coalition","coalition",1.9
"Mitchell","coalition",50.1,45.4,55,40,60,"coalition","coalition",-0.7
"Mitchell","labor",23.9,20.1,27.6,40,60,"coalition","coalition",-0.7
"Mitchell","greens",12.8,10.8,15.1,40,60,"coalition","coalition",-0.7
"Mitchell","onenation",5.3,3.9,7,40,60,"coalition","coalition",-0.7
"Mitchell","other",4.3,2.5,6.7,40,60,"coalition","coalition",-0.7
"Mitchell","independent",3.6,1.9,5.5,40,60,"coalition","coalition",-0.7
"Monash","coalition",36.4,32.4,40.8,44.7,55.3,"coalition","coalition",2.4
"Monash","labor",22.3,18.7,26.2,44.7,55.3,"coalition","coalition",2.4
"Monash","onenation",15.5,11.9,19.7,44.7,55.3,"coalition","coalition",2.4
"Monash","independent",12.6,8.9,16.5,44.7,55.3,"coalition","coalition",2.4
"Monash","greens",10.9,9,13,44.7,55.3,"coalition","coalition",2.4
"Monash","other",2.4,1.4,3.7,44.7,55.3,"coalition","coalition",2.4
"Moncrieff","coalition",43.2,39.1,47.7,41.5,58.5,"coalition","coalition",-2.7
"Moncrieff","labor",22.5,19.2,26.6,41.5,58.5,"coalition","coalition",-2.7
"Moncrieff","onenation",12.2,9.5,15.1,41.5,58.5,"coalition","coalition",-2.7
"Moncrieff","greens",11.9,10.2,13.7,41.5,58.5,"coalition","coalition",-2.7
"Moncrieff","other",5.3,3.6,7.3,41.5,58.5,"coalition","coalition",-2.7
"Moncrieff","independent",4.9,3.1,7.2,41.5,58.5,"coalition","coalition",-2.7
"Moore","coalition",39.5,35.6,43.9,48.3,51.7,"coalition","coalition",1.1
"Moore","labor",29.7,25.5,34.5,48.3,51.7,"coalition","coalition",1.1
"Moore","greens",12.4,10.4,14.5,48.3,51.7,"coalition","coalition",1.1
"Moore","independent",7.4,4.8,10.7,48.3,51.7,"coalition","coalition",1.1
"Moore","onenation",6.5,4.6,8.5,48.3,51.7,"coalition","coalition",1.1
"Moore","other",4.6,2.9,6.4,48.3,51.7,"coalition","coalition",1.1
"Moreton","labor",35.5,31.1,40.1,56.1,43.9,"labor","labor",-3
"Moreton","coalition",33.2,29.8,36.7,56.1,43.9,"labor","labor",-3
"Moreton","greens",19.1,16.6,21.9,56.1,43.9,"labor","labor",-3
"Moreton","onenation",6.4,4.8,8.1,56.1,43.9,"labor","labor",-3
"Moreton","independent",3.5,2,5.2,56.1,43.9,"labor","labor",-3
"Moreton","other",2.4,1.5,3.3,56.1,43.9,"labor","labor",-3
"New England","coalition",46,41,51.2,38.1,61.9,"coalition","coalition",-4.5
"New England","labor",19.7,16.3,23.4,38.1,61.9,"coalition","coalition",-4.5
"New England","onenation",13.1,10,16.9,38.1,61.9,"coalition","coalition",-4.5
"New England","independent",11,7.7,14.5,38.1,61.9,"coalition","coalition",-4.5
"New England","greens",8.5,7,10.2,38.1,61.9,"coalition","coalition",-4.5
"New England","other",1.7,1,2.6,38.1,61.9,"coalition","coalition",-4.5
"Newcastle","labor",38.2,33.9,43,61.2,38.8,"labor","labor",-6.8
"Newcastle","coalition",25.8,23,28.7,61.2,38.8,"labor","labor",-6.8
"Newcastle","greens",19.8,17.3,22.5,61.2,38.8,"labor","labor",-6.8
"Newcastle","onenation",8.1,6.2,10.2,61.2,38.8,"labor","labor",-6.8
"Newcastle","independent",5.3,3.5,7.3,61.2,38.8,"labor","labor",-6.8
"Newcastle","other",2.9,1.8,4.3,61.2,38.8,"labor","labor",-6.8
"Nicholls","coalition",41.9,39.6,44.3,NA,55.2,"coalition","coalition",1.4
"Nicholls","independent",22.7,18.8,26.9,NA,55.2,"coalition","coalition",1.4
"Nicholls","labor",15.7,14,17.4,NA,55.2,"coalition","coalition",1.4
"Nicholls","onenation",12.3,10,14.8,NA,55.2,"coalition","coalition",1.4
"Nicholls","greens",6.2,5.2,7.3,NA,55.2,"coalition","coalition",1.4
"Nicholls","other",1.3,0.6,2.1,NA,55.2,"coalition","coalition",1.4
"O'Connor","coalition",41.2,36.8,45.9,42.2,57.8,"coalition","coalition",0.8
"O'Connor","labor",24.3,20.4,28.3,42.2,57.8,"coalition","coalition",0.8
"O'Connor","onenation",15.9,12.3,19.8,42.2,57.8,"coalition","coalition",0.8
"O'Connor","greens",10.1,8.3,12,42.2,57.8,"coalition","coalition",0.8
"O'Connor","independent",4.3,2.5,6.2,42.2,57.8,"coalition","coalition",0.8
"O'Connor","other",4.2,2.7,6.1,42.2,57.8,"coalition","coalition",0.8
"Oxley","labor",39.9,35.3,45,57.7,42.3,"labor","labor",-3.9
"Oxley","coalition",30.5,27.3,33.9,57.7,42.3,"labor","labor",-3.9
"Oxley","greens",14.3,12.2,16.6,57.7,42.3,"labor","labor",-3.9
"Oxley","onenation",9.3,7.5,11.5,57.7,42.3,"labor","labor",-3.9
"Oxley","independent",3.8,2.4,5.4,57.7,42.3,"labor","labor",-3.9
"Oxley","other",2.2,1.5,3,57.7,42.3,"labor","labor",-3.9
"Page","coalition",41.9,37.6,46.5,41.8,58.2,"coalition","coalition",-2.6
"Page","labor",20.7,17.2,24.3,41.8,58.2,"coalition","coalition",-2.6
"Page","independent",14.5,10.6,18.7,41.8,58.2,"coalition","coalition",-2.6
"Page","onenation",10.7,8.1,13.6,41.8,58.2,"coalition","coalition",-2.6
"Page","greens",9.7,8,11.6,41.8,58.2,"coalition","coalition",-2.6
"Page","other",2.5,1.5,4,41.8,58.2,"coalition","coalition",-2.6
"Parkes","coalition",46.5,41.7,51.5,35.7,64.3,"coalition","coalition",-3.5
"Parkes","labor",18.5,15.3,21.9,35.7,64.3,"coalition","coalition",-3.5
"Parkes","onenation",16.2,12.5,20.6,35.7,64.3,"coalition","coalition",-3.5
"Parkes","greens",7,5.7,8.5,35.7,64.3,"coalition","coalition",-3.5
"Parkes","independent",6.4,4.1,8.8,35.7,64.3,"coalition","coalition",-3.5
"Parkes","other",5.3,3.3,7.5,35.7,64.3,"coalition","coalition",-3.5
"Parramatta","coalition",37.3,33.5,41.3,52.6,47.4,"coalition","labor",-1.9
"Parramatta","labor",35.8,31,41.1,52.6,47.4,"coalition","labor",-1.9
"Parramatta","greens",12.6,10.3,15,52.6,47.4,"coalition","labor",-1.9
"Parramatta","independent",5.8,3.7,8.8,52.6,47.4,"coalition","labor",-1.9
"Parramatta","onenation",5.1,3.6,6.7,52.6,47.4,"coalition","labor",-1.9
"Parramatta","other",3.5,2.2,5,52.6,47.4,"coalition","labor",-1.9
"Paterson","coalition",37.2,33.4,41.2,50.6,49.4,"coalition","labor",-2.8
"Paterson","labor",36,31.5,41.3,50.6,49.4,"coalition","labor",-2.8
"Paterson","onenation",11.8,9.4,14.3,50.6,49.4,"coalition","labor",-2.8
"Paterson","greens",9.3,7.6,11.2,50.6,49.4,"coalition","labor",-2.8
"Paterson","independent",3.9,2.3,5.7,50.6,49.4,"coalition","labor",-2.8
"Paterson","other",1.9,1.1,2.8,50.6,49.4,"coalition","labor",-2.8
"Pearce","labor",34.4,29.7,39.4,52.9,47.1,"labor","labor",-6.2
"Pearce","coalition",33,29.1,37.1,52.9,47.1,"labor","labor",-6.2
"Pearce","greens",12.3,10.2,14.6,52.9,47.1,"labor","labor",-6.2
"Pearce","onenation",10.9,8.3,14.4,52.9,47.1,"labor","labor",-6.2
"Pearce","other",5,3.2,7.3,52.9,47.1,"labor","labor",-6.2
"Pearce","independent",4.5,2.6,6.7,52.9,47.1,"labor","labor",-6.2
"Perth","labor",36.5,32.7,41,59.5,40.5,"labor","labor",-5.3
"Perth","coalition",28.5,25.8,31.3,59.5,40.5,"labor","labor",-5.3
"Perth","greens",20.6,18.3,23.1,59.5,40.5,"labor","labor",-5.3
"Perth","onenation",5.9,4.6,7.5,59.5,40.5,"labor","labor",-5.3
"Perth","independent",4.9,3.3,6.6,59.5,40.5,"labor","labor",-5.3
"Perth","other",3.5,2.5,4.8,59.5,40.5,"labor","labor",-5.3
"Petrie","coalition",40.7,37,44.6,47.3,52.7,"coalition","coalition",-1.8
"Petrie","labor",30,25.9,34.7,47.3,52.7,"coalition","coalition",-1.8
"Petrie","greens",12.3,10.4,14.4,47.3,52.7,"coalition","coalition",-1.8
"Petrie","onenation",8.1,6,10.4,47.3,52.7,"coalition","coalition",-1.8
"Petrie","independent",4.9,3,7.1,47.3,52.7,"coalition","coalition",-1.8
"Petrie","other",4.1,2.6,5.6,47.3,52.7,"coalition","coalition",-1.8
"Rankin","labor",36.3,31.8,41.2,54.5,45.5,"labor","labor",-4.6
"Rankin","coalition",31.3,28.1,34.8,54.5,45.5,"labor","labor",-4.6
"Rankin","greens",12.9,11,15.1,54.5,45.5,"labor","labor",-4.6
"Rankin","onenation",12.7,10.2,15.4,54.5,45.5,"labor","labor",-4.6
"Rankin","independent",3.6,2.1,5.3,54.5,45.5,"labor","labor",-4.6
"Rankin","other",3.2,2.1,4.5,54.5,45.5,"labor","labor",-4.6
"Reid","coalition",38.5,34.6,42.6,51.3,48.7,"coalition","labor",-3.9
"Reid","labor",34.3,29.4,39.3,51.3,48.7,"coalition","labor",-3.9
"Reid","greens",12.9,10.9,15.2,51.3,48.7,"coalition","labor",-3.9
"Reid","independent",5.8,3.8,8.1,51.3,48.7,"coalition","labor",-3.9
"Reid","onenation",5.7,4.1,7.6,51.3,48.7,"coalition","labor",-3.9
"Reid","other",2.7,1.7,3.9,51.3,48.7,"coalition","labor",-3.9
"Richmond","coalition",28.4,24.1,32.7,53.7,46.3,"coalition","labor",-4.6
"Richmond","labor",26.1,21.3,31.8,53.7,46.3,"coalition","labor",-4.6
"Richmond","greens",19.4,15.8,23.1,53.7,46.3,"coalition","labor",-4.6
"Richmond","onenation",10.4,7.3,13.9,53.7,46.3,"coalition","labor",-4.6
"Richmond","independent",9.4,6.1,13.5,53.7,46.3,"coalition","labor",-4.6
"Richmond","other",6.3,3.6,9.7,53.7,46.3,"coalition","labor",-4.6
"Riverina","coalition",42.6,38.4,47.2,39.2,60.8,"coalition","coalition",-4.1
"Riverina","labor",20.9,17.6,24.3,39.2,60.8,"coalition","coalition",-4.1
"Riverina","onenation",16.8,13.3,21,39.2,60.8,"coalition","coalition",-4.1
"Riverina","greens",8.6,7.1,10.3,39.2,60.8,"coalition","coalition",-4.1
"Riverina","independent",6.2,4.1,8.3,39.2,60.8,"coalition","coalition",-4.1
"Riverina","other",4.9,3.3,7,39.2,60.8,"coalition","coalition",-4.1
"Robertson","coalition",38.4,34.5,42.6,49.9,50.1,"coalition","coalition",2.3
"Robertson","labor",32.5,28.1,37.1,49.9,50.1,"coalition","coalition",2.3
"Robertson","greens",11.8,9.8,14,49.9,50.1,"coalition","coalition",2.3
"Robertson","onenation",7.5,5.6,9.8,49.9,50.1,"coalition","coalition",2.3
"Robertson","independent",7.1,4.9,10,49.9,50.1,"coalition","coalition",2.3
"Robertson","other",2.6,1.7,3.8,49.9,50.1,"coalition","coalition",2.3
"Ryan","coalition",37,33.1,40.7,NA,48.1,"coalition","greens",-0.8
"Ryan","greens",27.1,23.9,30.5,NA,48.1,"coalition","greens",-0.8
"Ryan","labor",26.5,23.1,30.1,NA,48.1,"coalition","greens",-0.8
"Ryan","other",4.4,2.8,6.6,NA,48.1,"coalition","greens",-0.8
"Ryan","onenation",3,1.9,4.3,NA,48.1,"coalition","greens",-0.8
"Ryan","independent",2.1,1,3.5,NA,48.1,"coalition","greens",-0.8
"Scullin","labor",36.4,31.2,41.9,56.4,43.6,"labor","labor",-9.2
"Scullin","coalition",28.8,25.3,32.6,56.4,43.6,"labor","labor",-9.2
"Scullin","greens",13.4,11.3,15.9,56.4,43.6,"labor","labor",-9.2
"Scullin","onenation",9.9,7.2,12.8,56.4,43.6,"labor","labor",-9.2
"Scullin","other",7.4,4.9,10.1,56.4,43.6,"labor","labor",-9.2
"Scullin","independent",4.1,2.5,6,56.4,43.6,"labor","labor",-9.2
"Shortland","labor",34.6,29.9,39.5,53,47,"labor","labor",-2.8
"Shortland","coalition",34,30.4,37.8,53,47,"labor","labor",-2.8
"Shortland","greens",12,10,14.1,53,47,"labor","labor",-2.8
"Shortland","onenation",8.8,6.5,11.1,53,47,"labor","labor",-2.8
"Shortland","independent",7.4,4.9,10,53,47,"labor","labor",-2.8
"Shortland","other",3.2,2,4.7,53,47,"labor","labor",-2.8
"Solomon","labor",34.2,28.9,39.8,55.7,44.3,"labor","labor",-3.7
"Solomon","coalition",29.9,26.1,34.2,55.7,44.3,"labor","labor",-3.7
"Solomon","greens",15.1,12.3,18,55.7,44.3,"labor","labor",-3.7
"Solomon","other",8.1,5,11.8,55.7,44.3,"labor","labor",-3.7
"Solomon","onenation",7.6,5.4,10.4,55.7,44.3,"labor","labor",-3.7
"Solomon","independent",5.1,2.8,8.1,55.7,44.3,"labor","labor",-3.7
"Spence","labor",38,33.7,43,56.1,43.9,"labor","labor",-6.8
"Spence","coalition",28.6,25.1,32.2,56.1,43.9,"labor","labor",-6.8
"Spence","onenation",15.5,12.2,19,56.1,43.9,"labor","labor",-6.8
"Spence","greens",12.5,10.4,14.7,56.1,43.9,"labor","labor",-6.8
"Spence","independent",3,1.8,4.5,56.1,43.9,"labor","labor",-6.8
"Spence","other",2.4,1.4,3.5,56.1,43.9,"labor","labor",-6.8
"Sturt","coalition",40.3,36.4,44.2,48.5,51.5,"coalition","coalition",1
"Sturt","labor",29.5,25.6,33.4,48.5,51.5,"coalition","coalition",1
"Sturt","greens",15.2,13.1,17.5,48.5,51.5,"coalition","coalition",1
"Sturt","onenation",6.4,4.8,8.1,48.5,51.5,"coalition","coalition",1
"Sturt","independent",5.5,3.7,8.1,48.5,51.5,"coalition","coalition",1
"Sturt","other",3.1,2,4.4,48.5,51.5,"coalition","coalition",1
"Swan","labor",36.2,31.7,41.2,55.9,44.1,"labor","labor",-2.9
"Swan","coalition",32.6,29.5,35.9,55.9,44.1,"labor","labor",-2.9
"Swan","greens",15.9,13.9,18.1,55.9,44.1,"labor","labor",-2.9
"Swan","onenation",6.1,4.4,7.9,55.9,44.1,"labor","labor",-2.9
"Swan","independent",4.9,3.1,7.2,55.9,44.1,"labor","labor",-2.9
"Swan","other",4.2,2.9,5.9,55.9,44.1,"labor","labor",-2.9
"Sydney","labor",44.5,39.6,49.5,63.3,NA,"labor","labor",-3.4
"Sydney","greens",23.9,20.7,27.1,63.3,NA,"labor","labor",-3.4
"Sydney","coalition",20.2,17.5,22.9,63.3,NA,"labor","labor",-3.4
"Sydney","onenation",4.9,3.5,6.6,63.3,NA,"labor","labor",-3.4
"Sydney","independent",4.2,2.7,5.9,63.3,NA,"labor","labor",-3.4
"Sydney","other",2.4,1.5,3.5,63.3,NA,"labor","labor",-3.4
"Tangney","coalition",38.6,34.5,42.8,52.1,47.9,"coalition","labor",-0.3
"Tangney","labor",36.2,31.4,41.8,52.1,47.9,"coalition","labor",-0.3
"Tangney","greens",12.1,10.1,14.3,52.1,47.9,"coalition","labor",-0.3
"Tangney","independent",5.1,3.1,7.5,52.1,47.9,"coalition","labor",-0.3
"Tangney","onenation",4.6,3.2,6.1,52.1,47.9,"coalition","labor",-0.3
"Tangney","other",3.4,2.1,4.8,52.1,47.9,"coalition","labor",-0.3
"Wannon","coalition",37.7,35.4,40.2,NA,49.4,"coalition","independent",4.5
"Wannon","independent",28.7,24.4,33.1,NA,49.4,"coalition","independent",4.5
"Wannon","labor",18.6,16.5,20.5,NA,49.4,"coalition","independent",4.5
"Wannon","greens",7.4,6.3,8.5,NA,49.4,"coalition","independent",4.5
"Wannon","onenation",7.1,5.1,9.1,NA,49.4,"coalition","independent",4.5
"Wannon","other",0.6,0.3,1,NA,49.4,"coalition","independent",4.5
"Warringah","independent",40.9,37.5,44.4,NA,40.4,"independent","independent",-1.3
"Warringah","coalition",31.5,29.3,33.4,NA,40.4,"independent","independent",-1.3
"Warringah","labor",15.5,13.7,17.5,NA,40.4,"independent","independent",-1.3
"Warringah","greens",9.3,8,10.5,NA,40.4,"independent","independent",-1.3
"Warringah","onenation",2.4,1.7,3.2,NA,40.4,"independent","independent",-1.3
"Warringah","other",0.4,0.1,0.7,NA,40.4,"independent","independent",-1.3
"Watson","labor",39.8,34,46,57.3,42.7,"labor","labor",-7.8
"Watson","coalition",29.7,25.6,33.8,57.3,42.7,"labor","labor",-7.8
"Watson","greens",12.6,10,15.5,57.3,42.7,"labor","labor",-7.8
"Watson","onenation",10.7,7.8,13.9,57.3,42.7,"labor","labor",-7.8
"Watson","independent",3.8,2.1,5.6,57.3,42.7,"labor","labor",-7.8
"Watson","other",3.4,1.7,5.6,57.3,42.7,"labor","labor",-7.8
"Wentworth","coalition",35,32.9,37.3,NA,46.4,"coalition","independent",-0.6
"Wentworth","independent",29.3,25.2,33,NA,46.4,"coalition","independent",-0.6
"Wentworth","labor",20.7,18.7,23.1,NA,46.4,"coalition","independent",-0.6
"Wentworth","greens",12,10.5,13.6,NA,46.4,"coalition","independent",-0.6
"Wentworth","onenation",2.3,1.6,3.2,NA,46.4,"coalition","independent",-0.6
"Wentworth","other",0.6,0.2,1.1,NA,46.4,"coalition","independent",-0.6
"Werriwa","coalition",36.2,32,40.7,49.4,50.6,"coalition","coalition",6.4
"Werriwa","labor",30.7,25.8,36.5,49.4,50.6,"coalition","coalition",6.4
"Werriwa","greens",11.1,8.6,13.6,49.4,50.6,"coalition","coalition",6.4
"Werriwa","onenation",9,6.5,11.9,49.4,50.6,"coalition","coalition",6.4
"Werriwa","other",8.5,5.4,11.7,49.4,50.6,"coalition","coalition",6.4
"Werriwa","independent",4.6,2.5,7.4,49.4,50.6,"coalition","coalition",6.4
"Whitlam","labor",35,30.5,39.8,52.9,47.1,"labor","labor",-7.2
"Whitlam","coalition",33.2,29.7,36.8,52.9,47.1,"labor","labor",-7.2
"Whitlam","greens",11.4,9.6,13.3,52.9,47.1,"labor","labor",-7.2
"Whitlam","onenation",11.3,8.5,14.1,52.9,47.1,"labor","labor",-7.2
"Whitlam","independent",5.5,3.6,7.8,52.9,47.1,"labor","labor",-7.2
"Whitlam","other",3.6,2.1,5.1,52.9,47.1,"labor","labor",-7.2
"Wide Bay","coalition",40.4,36,45.2,39.5,60.5,"coalition","coalition",-0.8
"Wide Bay","labor",20.4,17.1,24.2,39.5,60.5,"coalition","coalition",-0.8
"Wide Bay","onenation",19.2,15.4,23.7,39.5,60.5,"coalition","coalition",-0.8
"Wide Bay","greens",9,7.4,10.7,39.5,60.5,"coalition","coalition",-0.8
"Wide Bay","independent",8.4,5.6,11.3,39.5,60.5,"coalition","coalition",-0.8
"Wide Bay","other",2.6,1.5,4,39.5,60.5,"coalition","coalition",-0.8
"Wills","labor",32.9,28.1,38,53.9,NA,"labor","labor",-4.6
"Wills","greens",29.9,26,34.4,53.9,NA,"labor","labor",-4.6
"Wills","coalition",20.7,17.9,23.6,53.9,NA,"labor","labor",-4.6
"Wills","other",7,4.6,9.9,53.9,NA,"labor","labor",-4.6
"Wills","independent",4.9,2.7,7.5,53.9,NA,"labor","labor",-4.6
"Wills","onenation",4.7,3.2,6.4,53.9,NA,"labor","labor",-4.6
"Wright","coalition",41.4,36.6,46.7,NA,66.1,"coalition","coalition",5.2
"Wright","onenation",23.3,18.6,28.4,NA,66.1,"coalition","coalition",5.2
"Wright","labor",18.3,15,22,NA,66.1,"coalition","coalition",5.2
"Wright","greens",10.1,8.1,12.4,NA,66.1,"coalition","coalition",5.2
"Wright","other",3.5,1.8,5.7,NA,66.1,"coalition","coalition",5.2
"Wright","independent",3.4,2,5,NA,66.1,"coalition","coalition",5.2
